"Table","Played","Info"
"HorizNumsHistoryPlusLines",4,"(96)(4)(291)(40)(13.745704467354)(23264h,23060h,22746h,22467h,22260h,21868h,20080h,19542h,19078h,18683h,18003h,17870h,17285h,16661h,16352h,16044h,15832h,15578h,15177h,14546h,13873h,13736h,12487h,12007h,11997h,11348h,10956h,9201h,8772h,8480h,7478h,6338h,5475h,4911h,3588h,3147h,3043h,2817h,1991h,1081h,)(UndCenter)"
"HorizNumsHistoryPlusLines",4,"(396)(4)(36)(6)(16.6666666666667)(19542h,19078h,16661h,16352h,11348h,3043h,)(UndCenter)"
"HorizNumsHistoryPlusLines",4,"(8396)(4)(3)(1)(33.3333333333333)(19542h,)(UndCenter)"
