"Table","Played","Info"
"HorizNumsHistory",29,"(04)(29)(1306)(205)(15.6967840735069)(235,236,319,476,526,747,908,1097,1918,20)"
"HorizNumsHistory",29,"(04:04)(29)(34)(7)(20.5882352941176)(235,8375,19464,21564,17096,900,460,)"
"HorizNumsHistoryPlusLines",2,"(7)(2)(2578)(279)(10.822342901474)(23330h,23287h,23090h,23027h,23020h,22847h,22792h,22772h,22639h,22293h,22244h,22177h,22029h,21910h,21850h,21750h,21719h,21695h,21635h,21588h,21349h,21274h,21222h,21099h,20983h,20887h,20712h,20645h,20435h,20389h,20376h,20352h,20289h,20217h,20115h,19894h,19856h,19582h,19577h,19392h,19364h,19249h,19144h,19065h,19000h,18840h,18515h,18410h,18355h,18306h,17926h,17840h,17618h,17585h,17575h,17535h,17450h,17430h,17366h,17342h,17215h,17166h,17142h,17073h,17065h,17051h,17035h,16952h,16825h,16747h,16619h,16582h,16516h,16440h,16419h,16320h,16293h,16249h,16195h,16163h,16142h,15935h,15729h,15558h,15535h,15507h,15485h,15278h,15043h,14967h,14919h,14912h,14869h,14784h,14771h,14766h,14698h,14696h,14652h,14606h,14459h,14453h,14426h,14293h,14281h,14149h,14090h,14063h,14061h,14045h,14025h,13967h,13695h,13681h,13625h,13590h,13452h,13232h,13133h,13030h,12878h,12760h,12732h,12730h,12716h,12588h,12580h,12498h,12351h,12245h,12173h,12136h,11941h,11803h,11783h,11614h,11581h,11544h,11491h,11484h,11471h,11440h,11243h,11219h,11169h,11127h,10883h,10799h,10604h,10547h,10518h,10505h,10485h,10224h,10093h,10016h,9918h,9899h,9847h,9714h,9560h,9549h,9481h,9413h,9411h,9324h,9316h,9280h,9231h,9108h,9094h,8977h,8973h,8925h,8908h,8727h,8709h,8645h,8560h,8492h,8423h,8279h,8198h,8170h,7996h,7974h,7962h,7801h,7753h,7705h,7673h,7574h,7172h,7149h,6952h,6893h,6869h,6773h,6726h,6589h,6497h,6493h,6477h,6330h,6282h,6256h,6197h,6174h,6158h,5988h,5532h,5404h,5395h,5249h,5204h,5143h,5075h,5023h,5019h,4965h,4922h,4916h,4856h,4645h,4507h,4494h,4448h,4444h,4167h,4154h,4129h,4125h,4029h,3838h,3799h,3723h,3531h,3362h,3167h,3123h,2924h,2894h,2825h,2721h,2667h,2633h,2498h,2402h,2278h,2241h,2021h,1963h,1818h,1735h,1688h,1678h,1622h,1617h,1578h,1546h,1505h,1478h,1413h,1122h,1059h,915h,744h,716h,630h,570h,517h,464h,462h,349h,305h,244h,100h,74h,58h,)(DiagLeft)"
