"Table","Played","Info"
"HorizontalProjectionsNumbersPreviousOrderA",26,"(22:31:25:14:18:07)(26)(AvFWD)(3707)(Mon)(10)(7)(2000)(6)(2,11,16,17,23,24,)(9,5,1,6,1,(0))(Tu06,Fr09,Sa10,Tu13,)(24)(,23,24,)(0.260869565217391)(7.69230769230769E-02)"
"HorPrNumPrOrAGroup",26,"(26)(1)"
"HorizNumsHistoryBeforeAfterInbetween",26,"(18:7)(26)(78)(5)(6.41025641025641)(18050,16450,11752,15654,8261,)"
"MirrorsLastDraw",26,"(228)(2683)(11/9/1998)(7)(26)(2.17391304347826E-02)"
"MirrorsLastDraw",26,"(1496)(23438)(7/24/2023)(7)(26)(2.17391304347826E-02)"
